StartDateKey,EndDateKey,LocationKey,DisasterKey,DescriptionKey,CostsKey,PopStatsKey,NumFatalities,NumInjured,NumEvacuated
1,1,1,1,1,1,2,7,0,15000
1,1,2,1,1,1,1,7,0,15000
2,2,3,2,2,1,1,64,0,0
2,2,4,3,3,1,1,16,0,0
3,3,5,2,4,1,1,32,0,0
4,4,6,4,5,1,1,2,0,0
5,5,7,2,6,1,1,125,0,0
6,6,3,2,7,1,1,16,0,0
7,7,8,5,8,1,1,70,23,0
8,8,9,2,9,1,1,14,0,0
9,9,10,6,10,2,3,0,0,0
10,10,11,6,11,3,4,0,0,0
11,11,12,5,12,1,1,0,0,0
12,12,13,1,13,1,5,0,0,0
13,13,14,4,14,1,1,0,0,0
14,15,15,7,15,1,6,0,0,0
16,16,16,5,16,1,1,15,0,0
17,17,17,8,17,1,1,126,0,0
18,18,18,9,18,1,1,75,0,0
19,19,19,5,19,1,1,33,0,0
20,21,7,10,20,1,1,100,0,6000
22,22,20,4,21,1,1,1,0,0
23,23,21,5,22,1,7,22,15,0
23,23,22,5,22,1,8,22,15,0
24,24,10,11,23,4,3,0,0,0
24,24,23,11,23,4,9,0,0,0
24,24,24,11,23,4,10,0,0,0
25,25,25,12,24,1,1,63,20,0
26,26,26,13,25,1,1,62,0,0
27,27,27,5,26,1,1,4,0,0
28,28,28,5,27,1,1,6,0,0
29,29,29,14,28,1,11,73,0,200
30,30,23,15,29,1,9,28,100,2500
31,32,30,16,30,1,12,3,0,0
31,32,31,16,30,1,1,3,0,0
31,32,15,16,30,1,6,3,0,0
31,32,13,16,30,1,5,3,0,0
31,32,32,16,30,1,13,3,0,0
31,32,18,16,30,1,1,3,0,0
33,34,33,6,31,1,1,270,0,0
33,34,34,6,31,1,1,270,0,0
35,35,31,6,32,1,1,173,0,0
35,35,10,11,33,4,3,0,0,0
35,35,23,11,33,4,9,0,0,0
35,35,24,11,33,4,10,0,0,0
36,36,31,7,34,1,1,77,0,0
37,37,35,8,35,1,1,1024,0,0
38,38,36,2,36,1,1,189,48,0
39,39,23,4,37,1,9,0,0,2000
39,39,23,4,37,1,9,0,0,2000
39,39,37,2,38,1,14,22,0,0
40,40,4,3,39,1,1,19,0,0
41,41,38,5,40,1,1,56,22,0
41,41,39,5,40,1,1,56,22,0
42,43,40,4,41,1,1,0,0,0
44,44,1,10,42,1,2,7,0,0
45,45,24,4,43,1,10,0,0,0
46,46,29,14,44,1,11,233,0,8000
46,46,41,14,44,1,1,233,0,8000
47,47,18,9,45,1,1,13,0,0
48,48,7,2,46,1,1,34,0,0
48,48,10,11,47,4,3,0,0,0
48,48,23,11,47,4,9,0,0,0
48,48,24,11,47,4,10,0,0,0
49,49,42,2,48,1,1,65,0,0
50,51,43,4,49,1,1,0,0,0
52,52,15,8,50,1,6,1963,9000,6000
52,52,44,8,50,1,15,1963,9000,6000
53,54,10,17,51,1,3,50000,2000000,0
53,54,23,17,51,1,9,50000,2000000,0
53,54,24,17,51,1,10,50000,2000000,0
53,54,30,17,51,1,12,50000,2000000,0
53,54,15,17,51,1,6,50000,2000000,0
53,54,32,17,51,1,13,50000,2000000,0
53,54,31,17,51,1,1,50000,2000000,0
53,54,13,17,51,1,5,50000,2000000,0
53,54,18,17,51,1,1,50000,2000000,0
53,54,45,17,51,1,16,50000,2000000,0
53,54,46,17,51,1,1,50000,2000000,0
53,54,47,17,51,1,1,50000,2000000,0
53,54,48,17,51,1,1,50000,2000000,0
53,55,10,11,52,4,3,0,0,0
53,55,23,11,52,4,9,0,0,0
53,55,24,11,52,4,10,0,0,0
56,56,49,2,53,1,1,88,11,0
57,57,50,1,54,1,1,0,0,0
58,58,45,8,55,1,16,343,0,0
59,60,10,11,56,4,3,0,0,0
59,60,23,11,56,4,9,0,0,0
59,60,24,11,56,4,10,0,0,0
61,62,10,11,57,4,3,0,0,0
61,62,23,11,57,4,9,0,0,0
61,62,24,11,57,4,10,0,0,0
63,64,51,4,58,1,1,0,0,0
65,65,52,15,59,1,1,4,13,
66,67,53,4,60,5,1,0,0,148
66,67,54,4,60,5,1,0,0,148
66,68,55,4,61,6,1,0,0,0
66,68,56,4,61,6,17,0,0,0
69,69,57,6,62,7,18,0,0,0
70,70,58,18,63,6,1,0,0,500
71,71,59,14,64,6,1,0,0,500
72,73,60,19,65,6,1,0,0,0
73,74,61,14,66,6,1,0,0,1000
73,74,62,14,67,6,1,0,0,1000
73,74,63,14,67,6,1,0,0,1000
75,75,64,4,68,6,1,0,0,50
76,77,23,4,69,8,9,1,0,0
76,77,10,4,69,8,3,1,0,0
78,78,57,10,70,6,18,0,0,0
78,78,65,10,70,6,19,0,0,0
79,79,24,7,71,6,10,2,0,0
80,80,57,6,72,9,18,0,0,0
81,81,24,15,73,6,10,0,0,0
82,82,57,4,74,10,18,2,0,0
83,83,66,20,75,6,1,0,0,300
84,84,67,4,76,6,1,0,0,0
85,85,10,15,77,11,3,27,600,1700
84,84,68,4,78,6,1,0,0,0
84,84,69,14,79,6,1,0,0,500
86,86,70,21,80,6,1,0,0,0
87,87,71,4,81,12,1,0,0,0
87,87,72,4,81,12,1,0,0,0
88,88,73,21,82,6,1,0,0,0
89,89,74,20,83,6,1,0,0,0
90,90,75,22,84,6,20,0,0,0
91,92,76,4,85,6,21,0,0,0
91,92,77,4,85,6,22,0,0,0
91,92,78,4,85,6,1,0,0,0
91,92,79,4,85,6,1,0,0,0
93,93,80,23,86,6,1,0,0,0
93,93,81,23,86,6,1,0,0,0
93,93,82,23,86,6,1,0,0,0
94,95,83,4,87,6,1,0,0,0
94,95,60,4,87,6,1,0,0,0
95,95,84,4,88,6,1,0,0,0
96,97,13,24,89,6,5,14,0,0
96,97,24,24,89,6,10,14,0,0
98,98,85,18,90,6,1,0,0,500
96,99,86,4,91,13,1,0,0,2800
100,100,11,6,92,14,4,0,0,0
101,101,87,25,93,15,1,0,0,0
102,102,88,18,94,16,23,0,0,5000
103,103,10,11,95,17,3,0,0,0
103,103,23,11,95,17,9,0,0,0
103,103,24,11,95,17,10,0,0,0
103,103,89,18,96,6,1,0,0,200
103,103,75,20,97,6,20,0,0,250
103,103,90,4,98,6,1,0,0,1000
103,103,91,4,98,6,1,0,0,1000
103,103,92,18,99,6,24,0,0,100
104,104,47,26,100,6,1,13,100,0
105,105,93,27,101,6,25,24,45,0
106,106,94,15,102,6,1,0,0,0
107,108,95,4,103,18,1,0,0,125
109,110,96,14,104,19,1,0,0,25000
111,111,97,14,105,6,1,0,0,300
112,112,15,28,106,6,6,1,0,0
113,113,1,29,107,6,2,1,0,0
114,114,98,29,108,6,1,1,1,0
115,115,99,29,109,6,1,2,1,0
116,117,100,4,110,20,1,0,0,28
118,118,101,6,111,6,1,39,0,0
119,119,102,20,112,6,1,0,0,840
120,120,103,25,113,6,1,0,0,0
121,121,31,4,114,21,1,0,0,0
122,122,10,11,115,22,3,0,0,0
122,122,23,11,115,22,9,0,0,0
122,122,24,11,115,22,10,0,0,0
123,123,11,6,116,23,4,0,0,0
124,124,104,14,117,24,1,0,0,210
125,125,105,18,118,6,1,0,0,0
126,127,24,4,119,25,10,0,0,0
128,129,45,26,120,26,16,7,0,0
130,130,106,13,121,6,26,4,0,0
131,132,107,30,122,1,1,0,0,1700
133,133,108,21,123,1,1,0,0,0
134,134,109,21,124,1,1,2,12,0
135,135,110,18,125,27,1,0,0,0
136,136,75,31,126,28,20,0,0,0
137,138,111,18,127,1,1,0,0,150
139,140,112,4,128,29,1,1,0,221
141,141,56,4,129,30,17,0,0,0
141,141,113,28,130,31,1,6,0,0
141,141,32,28,130,31,13,6,0,0
142,142,114,15,131,32,1,0,6,0
143,143,115,5,132,33,1,7,0,0
143,143,116,5,132,33,1,7,0,0
144,145,117,32,133,1,1,1,0,10000
146,147,100,33,134,34,1,0,0,309
148,148,118,6,135,35,1,8,2,0
149,149,10,4,136,36,3,0,0,2065
149,149,23,4,136,36,9,0,0,2065
150,150,10,11,137,37,3,0,0,0
150,150,23,11,137,37,9,0,0,0
150,150,24,11,137,37,10,0,0,0
151,151,29,22,138,27,11,0,0,0
152,152,119,13,139,27,1,9,0,0
153,153,120,5,140,38,1,0,0,0
154,155,121,4,141,39,1,0,0,1000
156,156,122,18,142,6,1,0,0,1500
157,158,104,4,143,40,1,0,0,0
159,159,123,14,144,1,1,0,0,4035
159,159,124,14,144,1,1,0,0,4035
160,160,125,6,145,41,27,0,0,0
161,162,126,20,146,6,1,0,0,400
163,163,127,27,147,17,1,261,0,0
164,164,75,18,148,6,20,0,0,5000
164,164,128,21,149,6,1,1,0,0
165,165,129,20,150,6,1,4,0,0
166,166,130,28,151,42,1,2,0,0
167,167,131,15,152,43,1,0,15,0
168,169,100,4,153,44,1,0,0,0
170,170,11,6,154,45,4,0,0,0
171,171,132,10,155,6,1,0,1,1300
172,172,133,27,156,6,1,18,0,0
173,173,134,22,157,1,1,0,0,0
174,174,135,23,158,46,28,0,0,0
175,176,30,6,159,4,12,0,0,0
175,176,15,6,159,4,6,0,0,0
175,176,32,6,159,4,13,0,0,0
173,177,43,34,160,1,1,,,
178,178,136,18,161,6,1,0,0,200
179,179,137,23,162,47,1,0,0,0
180,180,138,21,163,6,1,0,0,170
181,181,10,11,164,48,3,0,0,0
181,181,23,11,164,48,9,0,0,0
181,181,24,11,164,48,10,0,0,0
181,181,76,4,165,49,21,0,0,0
182,182,139,22,166,6,1,0,0,0
183,184,30,7,167,17,12,0,0,0
183,184,15,7,167,17,6,0,0,0
183,184,32,7,167,17,13,0,0,0
185,185,140,10,168,1,1,0,0,0
186,186,10,6,169,50,3,0,0,0
186,186,141,4,170,51,1,0,0,0
187,187,142,22,171,6,1,0,0,0
188,189,143,4,172,52,1,0,0,3800
190,190,144,4,173,53,1,0,0,40
191,191,145,21,174,6,1,0,0,0
192,192,75,22,175,6,20,0,0,0
193,193,37,29,176,6,14,0,0,200
194,194,146,4,177,6,1,0,0,100
195,195,147,2,178,1,1,26,0,0
196,196,148,4,179,6,1,0,0,1000
197,197,149,20,180,6,1,0,0,800
181,181,150,26,181,54,1,0,0,0
198,198,13,4,182,55,5,0,0,0
198,198,11,6,183,56,4,0,0,0
199,199,151,20,184,6,29,0,0,410
200,201,47,4,185,57,1,0,0,0
202,202,152,35,186,6,30,9,0,0
203,203,153,6,187,58,1,0,0,0
203,203,154,6,187,58,1,0,0,0
203,203,155,6,187,58,1,0,0,0
203,203,156,6,187,58,1,0,0,0
203,203,157,6,187,58,1,0,0,0
204,204,158,10,188,6,31,0,0,600
205,205,32,17,189,1,13,0,0,0
205,205,30,17,189,1,12,0,0,0
205,205,10,11,190,4,3,0,0,0
205,205,23,11,190,4,9,0,0,0
205,205,24,11,190,4,10,0,0,0
206,206,30,7,191,59,12,33,0,0
206,206,31,7,191,59,1,33,0,0
206,206,15,7,191,59,6,33,0,0
206,206,13,7,191,59,5,33,0,0
206,206,32,7,191,59,13,33,0,0
206,206,18,7,191,59,1,33,0,0
207,207,159,4,192,60,1,0,0,300
208,208,160,29,193,6,1,0,0,60
209,209,23,4,194,61,9,0,0,0
209,210,18,4,195,62,1,0,0,0
209,209,10,6,196,63,3,0,0,0
211,211,72,4,197,64,1,0,0,650
212,212,161,22,198,6,32,0,0,0
213,214,24,4,199,65,10,0,0,0
215,215,162,22,200,6,33,0,0,0
216,217,18,7,201,1,1,0,0,0
216,217,13,7,201,1,5,0,0,0
218,218,163,3,202,6,34,2,0,0
219,220,10,26,203,66,3,0,0,0
219,220,30,26,203,66,12,0,0,0
219,220,15,26,203,66,6,0,0,0
219,220,32,26,203,66,13,0,0,0
221,221,57,7,204,6,18,6,0,0
222,223,114,4,205,67,1,0,0,0
224,224,114,6,206,68,1,0,0,0
225,226,164,4,207,69,1,0,0,0
225,226,165,4,207,69,1,0,0,0
227,227,166,6,208,70,1,0,0,0
228,228,23,6,209,71,9,0,0,0
229,229,60,6,210,72,1,0,0,0
230,230,45,14,211,6,16,0,0,4169
231,231,18,4,212,73,1,0,0,0
232,232,10,6,213,74,3,0,0,0
233,233,167,2,214,6,35,0,0,500
234,234,168,6,215,75,1,0,0,0
235,235,169,15,216,76,36,0,4,1000
235,235,170,6,217,77,37,0,0,0
236,236,166,6,218,78,1,0,0,0
237,237,114,6,219,79,1,0,0,0
238,238,76,20,220,6,21,0,0,200
239,239,57,2,221,6,18,2,0,0
240,241,171,36,222,6,1,0,0,0
231,231,172,4,223,80,1,0,0,0
242,242,173,20,224,6,1,0,0,0
243,243,174,13,225,81,1,2,0,69
244,244,175,14,226,82,1,0,0,3338
245,245,176,4,227,83,1,0,0,100
246,247,177,4,228,84,1,0,0,802
248,249,178,14,229,85,1,0,0,950
250,250,60,6,230,86,1,0,0,0
251,252,114,6,231,87,1,0,0,0
253,253,166,6,232,88,1,0,0,0
254,254,13,12,233,1,5,3,140,0
255,255,179,28,234,89,1,0,0,0
256,256,23,6,235,90,9,0,0,0
257,258,180,6,236,91,38,0,0,0
259,259,99,22,237,6,1,0,20,0
260,261,114,7,238,6,1,1,0,50
262,263,100,4,239,92,1,0,0,230
264,264,181,4,240,93,1,0,0,0
264,264,182,11,241,94,39,0,0,0
264,264,183,23,242,95,1,0,0,0
265,266,184,4,243,6,1,0,0,30
267,267,185,37,244,96,1,0,9,0
267,267,186,37,244,96,1,0,9,0
267,267,187,37,244,96,1,0,9,0
268,269,188,4,245,97,40,0,0,0
268,269,187,4,245,97,1,0,0,0
270,271,189,4,246,98,1,0,0,0
272,272,24,6,247,99,10,0,0,0
273,274,14,4,248,100,1,0,0,285
273,274,190,4,248,100,1,0,0,285
273,274,191,4,248,100,1,0,0,285
273,274,192,4,248,100,1,0,0,285
275,276,193,4,249,101,1,0,0,922
272,277,11,6,250,102,4,0,0,0
278,279,11,6,251,103,4,0,0,0
280,280,1,4,252,104,2,0,0,0
281,281,194,4,253,6,1,0,0,0
282,282,100,7,254,105,1,0,0,0
283,283,195,1,255,1,1,0,0,0
283,283,196,17,256,106,1,0,0,0
284,284,197,4,257,1,1,0,0,200
285,286,116,6,258,107,1,0,0,0
287,288,198,4,259,108,1,0,0,516
289,289,13,38,260,4,5,0,0,0
289,289,18,38,260,4,1,0,0,0
290,291,143,4,261,109,1,0,0,4000
292,293,199,4,262,110,1,0,0,25447
292,293,200,4,262,110,1,0,0,25447
292,293,201,4,262,110,1,0,0,25447
294,294,116,4,263,111,1,0,0,0
295,295,188,14,264,6,40,0,0,400
296,296,202,14,265,6,1,0,0,1100
297,297,203,14,266,4,1,0,0,300
298,298,204,14,267,6,1,0,0,823
298,298,163,14,267,6,34,0,0,823
298,298,205,14,267,6,1,0,0,823
299,300,193,4,268,112,1,0,0,0
301,301,180,18,269,6,38,0,0,4000
302,302,206,5,270,1,1,0,,
303,303,207,39,271,6,1,43,0,0
304,304,208,17,272,113,1,0,0,0
305,306,13,40,273,114,5,35,945,17800
305,306,18,40,273,114,1,35,945,17800
305,306,30,40,273,114,12,35,945,17800
307,307,209,6,274,115,1,21,0,0
308,309,55,4,275,116,1,0,0,0
310,310,210,13,276,117,1,9,25,
311,311,114,7,277,6,1,11,7,0
312,313,18,6,278,118,1,2,0,74
312,313,30,6,278,118,12,2,0,74
314,315,211,4,279,119,1,0,0,3757
314,315,18,4,279,119,1,0,0,3757
316,317,212,14,280,1,1,0,0,2030
318,318,140,27,281,6,1,12,0,0
319,320,213,14,282,6,1,0,0,1865
321,321,214,20,283,6,41,0,0,0
319,322,11,6,284,120,4,0,0,0
323,320,215,14,285,121,1,0,0,5
324,324,45,14,286,122,16,0,0,10600
325,326,170,14,287,123,37,0,0,7000
327,328,216,7,288,6,1,2,2,10
327,328,116,7,288,6,1,2,2,10
329,329,217,27,289,1,1,229,0,0
330,331,216,23,290,124,1,0,0,0
330,331,116,23,290,124,1,0,0,0
332,332,218,7,291,6,42,0,30,0
333,333,116,23,292,1,1,3,0,0
334,335,13,7,293,125,5,2,0,0
336,336,219,2,294,6,1,0,15,1200
337,337,116,23,295,1,1,0,1,0
338,338,220,7,296,6,43,0,0,0
339,340,45,4,297,126,16,,,
341,341,221,14,298,1,1,,,1107
342,342,222,4,299,127,1,0,0,0
342,343,52,4,300,128,1,0,0,0
344,344,223,12,301,1,1,2,60,0
342,345,224,14,302,6,1,0,0,40
346,346,225,14,303,6,1,0,0,307
347,348,226,14,304,129,1,0,0,80
349,350,45,4,305,6,16,0,0,118
351,352,227,6,306,1,44,0,0,12
353,353,23,15,307,1,9,0,0,4
354,355,228,14,308,6,1,0,0,1000
356,357,229,4,309,130,1,0,0,350
358,358,230,15,310,131,45,1,4,200
359,359,231,41,311,1,1,0,2,0
360,360,11,2,312,1,4,2,5,2000
361,361,162,39,313,6,33,7,33,0
362,362,32,4,314,132,13,0,0,0
362,362,232,6,315,133,1,,,
362,362,233,6,315,133,1,,,
363,363,30,4,316,134,12,0,0,90
363,363,15,4,316,134,6,0,0,90
363,363,32,4,316,134,13,0,0,90
364,364,234,23,317,6,46,0,0,0
365,365,23,42,318,1,9,0,0,170
366,366,235,13,319,6,1,1,4,0
367,367,236,20,320,1,1,2,0,1400
368,369,30,7,321,135,12,0,0,216
368,369,15,7,321,135,6,0,0,216
368,369,32,7,321,135,13,0,0,216
370,371,237,5,322,4,1,0,0,0
372,373,114,6,323,4,1,0,1,0
374,374,238,15,324,136,1,12,140,1000
375,375,239,22,325,4,1,0,0,0
376,374,240,17,326,4,1,6,2300,0
377,377,241,4,327,137,1,0,0,36
378,374,166,4,328,138,1,0,0,0
379,379,242,43,329,17,1,0,0,0
379,379,243,43,329,17,1,0,0,0
380,381,167,4,330,139,35,0,1,800
382,382,26,39,331,4,1,6,21,0
383,383,18,7,332,4,1,6,11,30
384,384,166,4,333,140,1,,,
385,385,244,4,334,141,1,,,
386,386,245,6,335,142,1,0,0,0
386,386,246,6,335,142,1,0,0,0
386,386,247,6,335,142,1,0,0,0
386,386,248,6,335,142,1,0,0,0
386,386,249,6,335,142,1,0,0,0
386,386,250,6,335,142,1,0,0,0
386,386,251,6,335,142,1,0,0,0
386,386,252,6,335,142,47,0,0,0
387,387,253,4,336,143,1,0,0,
387,387,254,4,336,143,1,0,0,
388,388,255,44,337,4,1,24,,
389,389,31,28,338,144,1,0,0,0
390,390,256,2,339,4,1,,,100
391,391,45,4,340,17,16,,,
392,392,257,10,341,4,1,0,0,1700
393,394,258,14,342,145,1,0,0,1254
391,395,259,14,343,146,1,0,0,129
396,396,11,10,344,4,4,0,0,300
397,397,260,4,345,4,1,0,0,1200
398,398,261,4,346,147,1,0,0,0
398,398,252,4,346,147,47,0,0,0
398,398,251,4,346,147,1,0,0,0
398,398,262,4,346,147,1,0,0,0
398,398,189,4,346,147,1,0,0,0
398,398,246,4,346,147,1,0,0,0
398,398,247,4,346,147,1,0,0,0
398,398,248,4,346,147,1,0,0,0
398,398,263,4,346,147,1,0,0,0
398,398,249,4,346,147,1,0,0,0
398,398,245,4,346,147,1,0,0,0
398,398,264,4,346,147,1,0,0,0
398,398,265,4,346,147,1,0,0,0
399,399,60,4,347,148,1,0,0,350
399,399,266,4,348,149,1,0,0,150
400,400,267,1,349,4,1,0,0,2500
401,401,268,14,350,4,1,0,0,600
401,401,269,14,350,4,1,0,0,600
402,402,270,14,351,150,1,0,0,425
403,404,271,14,352,4,1,0,0,103
403,405,272,14,353,4,1,0,0,480
403,405,273,14,353,4,1,0,0,480
403,405,274,14,353,4,1,0,0,480
403,405,275,14,353,4,1,0,0,480
403,405,276,14,353,4,1,0,0,480
403,405,277,14,353,4,1,0,0,480
403,405,278,14,353,4,1,0,0,480
403,405,279,14,353,4,1,0,0,480
406,406,280,14,354,4,1,0,0,628
407,407,281,14,355,151,1,0,0,912
408,408,93,22,356,4,25,0,0,350
405,405,282,14,357,4,1,0,0,985
405,405,283,14,357,4,1,0,0,985
405,405,284,14,357,4,1,0,0,985
405,405,285,14,357,4,1,0,0,985
405,405,286,14,357,4,1,0,0,985
405,405,287,14,357,4,1,0,0,985
409,409,57,45,358,4,18,0,0,200
410,410,288,12,359,4,48,1,0,120
411,411,10,13,360,1,3,30,,2
411,411,45,13,360,1,16,30,,2
411,411,24,13,360,1,10,30,,2
411,411,23,13,360,1,9,30,,2
412,412,289,12,361,1,1,,2,300
413,413,228,4,362,152,1,,,1100
414,414,290,4,363,153,1,2,3,270
414,414,161,4,363,153,32,2,3,270
414,414,32,7,364,154,13,0,,
414,414,31,4,365,155,1,0,,
415,416,24,14,366,156,10,0,,665
417,417,291,14,367,1,1,,,500
417,417,292,14,367,1,49,,,500
418,419,177,14,368,157,1,,,48501
418,419,293,14,368,157,1,,,48501
420,420,84,14,369,158,1,0,,100
421,421,294,4,370,6,1,0,0,60
421,421,295,4,370,6,1,0,0,60
421,421,296,4,370,6,1,0,0,60
421,421,297,4,370,6,1,0,0,60
421,421,298,4,370,6,1,0,0,60
422,422,13,46,371,1,5,,,
423,423,15,47,372,159,6,8,,
423,423,32,47,372,159,13,8,,
424,425,17,4,373,160,1,2,1,750
424,425,100,4,373,160,1,2,1,750
426,427,15,7,374,161,6,0,0,
428,429,299,4,375,162,1,,,1000
430,430,148,4,376,163,1,,,1700
431,431,182,15,377,4,39,0,0,0
432,433,10,6,378,164,3,0,0,30000
434,434,300,4,379,4,50,,,
435,435,301,20,380,4,51,,,150
436,437,302,28,381,4,52,1,,0
438,438,303,48,382,4,1,20,,
439,439,304,43,383,165,1,0,,0
440,441,305,5,384,166,53,1,1,300
442,443,31,7,385,167,1,0,,0
444,444,306,4,386,4,1,0,,200
445,446,130,4,387,168,1,0,,120
447,448,307,4,388,169,1,0,,50
449,450,308,4,389,170,54,0,0,100
451,451,309,14,390,4,1,0,0,600
452,452,24,4,391,171,10,0,,1197
453,453,310,14,392,4,55,0,,850
453,453,311,14,392,4,1,0,,850
454,454,312,4,393,172,1,0,,2000
455,455,313,14,394,4,56,0,0,528
456,456,18,4,395,173,1,,,
457,457,314,4,396,174,57,,,200
458,458,315,22,397,4,58,,,4000
459,459,13,17,398,4,5,23,112,
460,460,306,42,399,4,1,,,1100
461,461,316,22,400,4,1,0,,250
462,462,317,43,401,4,59,0,0,0
463,463,318,4,402,175,1,0,0,1100
464,464,306,4,403,4,1,0,0,1100
465,465,319,4,404,4,1,0,0,159
466,467,320,14,405,4,1,0,0,3200
468,468,321,4,406,176,1,0,0,300
469,470,322,14,407,4,1,0,0,4000
471,472,323,14,408,4,1,0,0,130
473,473,324,14,409,4,1,0,0,871
474,474,325,1,410,4,1,0,0,120
475,475,326,18,411,4,60,0,0,1500
475,475,327,18,412,4,61,0,3,1000
476,476,328,6,413,4,62,0,0,600
477,477,329,4,414,4,1,0,0,240
478,479,330,7,415,4,1,0,0,0
480,480,331,49,416,4,1,0,0,0
480,480,332,49,416,4,1,0,0,0
481,481,234,50,417,4,46,0,0,0
482,482,333,6,418,4,63,0,0,0
483,484,334,4,419,4,64,0,0,120
485,485,335,4,420,177,1,0,0,691
486,486,336,51,421,4,65,0,0,0
487,487,337,7,422,1,1,0,0,0
488,488,338,20,423,4,1,0,0,100
489,489,162,1,424,4,33,0,0,2000
489,489,337,6,425,4,1,0,0,600
490,490,339,14,426,4,1,0,0,1500
491,491,180,1,427,4,38,0,0,345
492,492,220,4,428,178,43,0,0,375
492,492,340,4,428,178,1,0,0,375
493,494,341,14,429,4,1,0,0,600
495,495,44,22,430,4,15,0,0,1000
496,496,10,10,431,4,3,0,0,282
497,497,342,15,432,4,1,0,0,0
498,499,343,14,433,4,1,0,0,963
500,500,344,52,434,4,1,0,0,9
501,502,345,14,435,4,1,0,0,600
503,504,346,6,436,179,1,1,0,200
505,505,234,53,437,4,46,0,0,0
506,506,347,6,438,4,66,0,0,275
507,507,348,4,439,180,67,0,0,20
508,508,32,54,440,4,13,0,0,0
509,509,349,6,441,4,68,0,0,0
510,510,350,4,442,4,1,0,0,300
511,511,30,55,443,4,12,0,0,0
512,512,351,4,444,4,69,0,0,18
512,512,352,4,445,4,1,0,0,6
513,513,353,4,446,4,1,0,0,0
514,514,354,4,447,4,1,0,0,1900
515,516,18,4,448,4,1,0,0,290
517,517,55,4,449,181,1,0,0,1000
518,518,355,4,450,4,1,0,0,1200
519,520,356,14,451,4,1,0,0,150
521,521,357,14,452,4,1,0,0,0
522,522,358,14,453,4,1,0,0,3330
522,522,359,14,453,4,1,0,0,3330
523,523,360,4,454,4,70,0,0,0
524,524,361,6,455,4,1,0,0,0
521,525,362,56,456,4,1,0,0,0
521,525,363,56,456,4,1,0,0,0
525,525,15,14,457,4,6,0,0,5000
526,526,297,57,458,4,1,0,0,0
527,527,364,14,459,4,1,0,0,2500
528,528,24,58,460,4,10,0,0,0
529,530,365,14,461,4,1,0,0,1000
529,529,76,6,462,4,21,0,0,0
531,531,13,59,463,4,5,0,10,900
532,532,366,5,464,182,1,0,0,0
533,533,23,60,465,4,9,0,0,0
533,533,367,6,466,4,71,0,0,112
534,534,13,2,467,4,5,2,58,12000
535,535,368,18,468,4,1,0,3,250
536,536,349,28,469,183,68,0,0,0
537,537,369,61,470,4,72,0,0,0
538,539,30,4,471,184,12,0,0,0
245,245,370,4,472,185,1,0,0,0
540,540,371,4,473,1,73,0,0,30
541,541,372,4,474,84,1,0,0,0
541,541,7,4,474,84,1,0,0,0
414,414,32,4,475,186,13,0,0,0
542,542,373,4,476,187,1,0,0,0
543,543,15,6,477,188,6,0,0,0
543,543,374,6,477,188,1,0,0,0
500,500,375,6,478,189,1,0,0,0
500,500,376,6,478,189,1,0,0,0
500,500,155,6,478,189,1,0,0,0
497,497,377,6,479,190,1,0,0,0
497,497,378,6,479,190,1,0,0,0
497,497,379,6,479,190,1,0,0,0
497,497,380,6,479,190,1,0,0,0
497,497,381,6,479,190,1,0,0,0
497,497,382,6,479,190,1,0,0,0
497,497,383,6,479,190,1,0,0,0
497,497,384,6,479,190,1,0,0,0
497,497,385,6,479,190,1,0,0,0
544,545,386,4,480,191,1,0,0,0
546,536,387,6,481,192,1,0,0,0
547,548,146,4,482,193,1,0,0,600
549,550,388,6,483,194,1,0,0,0
549,550,389,6,483,194,1,0,0,0
549,550,390,6,483,194,1,0,0,0
549,550,391,6,483,194,1,0,0,0
549,550,392,6,483,194,16,0,0,0
549,550,393,6,483,194,1,0,0,0
549,550,15,6,483,194,6,0,0,0
551,551,394,6,484,195,1,0,0,0
551,551,395,6,484,195,1,0,0,0
551,551,396,6,484,195,74,0,0,0
519,552,397,23,485,196,1,0,0,0
553,554,398,6,486,197,1,0,0,0
553,554,399,6,486,197,1,0,0,0
555,555,400,5,487,17,1,0,0,0
556,419,10,17,488,1,3,44,375,0
556,419,23,17,488,1,9,44,375,0
556,419,24,17,488,1,10,44,375,0
556,419,30,17,488,1,12,44,375,0
556,419,15,17,488,1,6,44,375,0
556,419,32,17,488,1,13,44,375,0
556,419,31,17,488,1,1,44,375,0
556,419,13,17,488,1,5,44,375,0
556,419,18,17,488,1,1,44,375,0
556,419,45,17,488,1,16,44,375,0
556,419,46,17,488,1,1,44,375,0
556,419,47,17,488,1,1,44,375,0
556,419,48,17,488,1,1,44,375,0
557,557,10,17,489,4,3,22,57,0
557,557,23,17,489,4,9,22,57,0
557,557,24,17,489,4,10,22,57,0
557,557,30,17,489,4,12,22,57,0
557,557,15,17,489,4,6,22,57,0
557,557,32,17,489,4,13,22,57,0
557,557,31,17,489,4,1,22,57,0
557,557,13,17,489,4,5,22,57,0
557,557,18,17,489,4,1,22,57,0
557,557,45,17,489,4,16,22,57,0
557,557,46,17,489,4,1,22,57,0
557,557,47,17,489,4,1,22,57,0
557,557,48,17,489,4,1,22,57,0
558,558,30,43,490,198,12,0,0,0
558,558,15,43,490,198,6,0,0,0
558,558,32,43,490,198,13,0,0,0
559,560,10,62,491,4,3,425,8582,0
559,560,23,62,491,4,9,425,8582,0
559,560,24,62,491,4,10,425,8582,0
559,560,30,62,491,4,12,425,8582,0
559,560,15,62,491,4,6,425,8582,0
559,560,32,62,491,4,13,425,8582,0
559,560,31,62,491,4,1,425,8582,0
559,560,13,62,491,4,5,425,8582,0
559,560,18,62,491,4,1,425,8582,0
559,560,45,62,491,4,16,425,8582,0
559,560,46,62,491,4,1,425,8582,0
559,560,47,62,491,4,1,425,8582,0
559,560,48,62,491,4,1,425,8582,0
561,561,401,63,492,4,1,0,0,1200
492,492,11,6,493,199,4,0,0,0
492,492,10,6,493,199,3,0,0,0
492,492,402,6,493,199,75,0,0,0
492,492,403,6,493,199,1,0,0,0
492,492,404,6,493,199,1,0,0,0
492,492,405,6,493,199,1,0,0,0
492,492,406,6,493,199,76,0,0,0
492,492,407,6,493,199,1,0,0,0
562,562,408,4,494,200,1,0,0,28
562,562,409,4,494,200,1,0,0,28
563,563,410,14,495,4,1,0,0,1300
563,563,367,14,495,4,71,0,0,1300
562,564,313,14,496,201,56,1,0,20000
562,564,411,14,496,201,77,1,0,20000
562,564,412,14,496,201,1,1,0,20000
565,565,1,64,497,4,2,0,0,0
565,565,13,64,497,4,5,0,0,0
565,565,162,64,497,4,33,0,0,0
566,566,413,43,498,1,1,0,0,0
566,566,414,43,498,1,1,0,0,0
567,567,415,6,499,4,1,0,0,700
567,567,18,6,499,4,1,0,0,700
568,568,13,65,500,4,5,1,0,0
568,568,162,65,500,4,33,1,0,0
568,568,416,65,500,4,78,1,0,0
568,568,417,65,500,4,79,1,0,0
569,570,60,66,501,4,1,2,77,0
571,572,418,4,502,4,80,0,0,0
573,573,180,6,503,4,38,0,0,0
573,573,13,6,503,4,5,0,0,0
574,574,57,67,504,4,18,0,0,0
574,574,419,67,504,4,81,0,0,0
574,574,367,67,504,4,71,0,0,0
574,574,420,67,504,4,82,0,0,0
575,576,349,4,505,202,68,0,0,0
575,576,421,4,505,202,83,0,0,0
575,576,422,4,505,202,1,0,0,0
577,577,423,68,506,4,1,0,0,0
577,577,424,68,506,4,1,0,0,0
578,578,425,69,507,203,1,0,0,0
578,578,426,69,507,203,84,0,0,0
579,579,24,70,508,204,10,0,0,0
579,579,427,70,508,204,85,0,0,0
577,580,428,14,509,205,1,0,0,200
581,581,15,71,510,4,6,0,0,0
582,583,15,72,511,4,6,0,0,0
582,583,30,72,511,4,12,0,0,0
500,500,31,28,512,4,1,0,0,0
584,584,30,73,513,4,12,0,0,0
584,584,15,73,513,4,6,0,0,0
585,585,30,74,514,4,12,0,0,0
585,585,15,74,514,4,6,0,0,0
585,585,32,74,514,4,13,0,0,0
586,586,30,75,515,4,12,0,0,0
586,586,15,75,515,4,6,0,0,0
586,586,32,75,515,4,13,0,0,0
587,588,429,4,516,206,1,0,0,126
589,589,10,6,517,207,3,0,0,0
590,591,430,6,518,208,1,0,0,100
592,593,195,6,519,209,1,0,0,0
594,595,431,43,520,210,1,0,0,0
594,595,432,43,520,210,1,0,0,0
596,597,23,15,521,211,9,0,0,85
598,599,433,7,522,4,1,1,1,625
600,600,30,76,523,212,12,0,0,132
600,600,15,76,523,212,6,0,0,132
577,577,434,15,524,213,86,0,20,0
385,601,435,11,525,4,1,0,0,0
385,601,10,11,525,4,3,0,0,0
602,602,436,77,526,214,1,0,0,0
603,603,437,6,527,215,87,0,0,45
604,604,31,28,528,216,1,1,0,300
605,606,45,14,529,217,16,2,0,1383
607,607,438,78,530,218,1,58,31,4620
608,608,439,11,531,1,1,0,0,0
609,609,440,6,532,6,1,0,0,0
610,611,43,4,533,219,1,2,0,40
553,554,234,6,534,220,46,0,0,0
553,554,399,6,534,220,1,0,0,0
612,612,18,79,535,4,1,0,0,0
608,608,441,10,536,1,1,,,
608,608,442,10,536,1,1,,,
613,613,443,4,537,221,1,0,0,0
613,613,10,4,537,221,3,0,0,0
74,74,444,4,538,6,1,2,0,129
614,614,158,7,539,1,31,0,0,0
615,77,445,4,540,222,1,0,0,0
616,617,446,4,541,6,1,0,0,300
618,618,447,14,542,223,1,0,0,300
619,619,448,5,543,1,1,37,0,0
620,620,449,4,544,224,1,0,0,300
621,622,105,4,545,225,1,0,0,0
621,622,450,4,545,225,1,0,0,0
621,622,451,4,545,225,1,0,0,0
621,622,452,4,545,225,1,0,0,0
623,623,453,2,546,1,1,18,0,0
624,625,182,6,547,6,39,0,0,0
248,247,60,4,548,226,1,0,0,0
626,626,454,17,549,4,1,10,21,0
626,626,45,17,549,4,16,10,21,0
627,627,455,80,550,4,1,0,0,0
628,629,6,4,551,1,1,0,0,0
630,630,456,4,552,227,1,10,0,15825
631,632,57,4,553,228,18,0,0,1000
631,632,457,4,553,228,1,0,0,1000
633,634,346,4,554,229,1,0,0,125
633,634,458,4,554,229,1,0,0,125
635,635,214,15,555,1,41,5,0,0
636,637,459,14,556,27,1,0,0,1050
636,637,460,14,556,27,1,0,0,1050
453,638,60,4,557,230,1,2,,7028
639,640,364,6,558,231,1,0,0,0
641,642,461,14,559,1,1,43,0,11000
643,644,462,4,560,232,1,0,0,3000
643,644,463,4,560,232,1,0,0,3000
643,644,464,4,560,232,1,0,0,3000
643,644,465,4,560,232,1,0,0,3000
643,644,466,4,560,232,1,0,0,3000
643,644,334,4,560,232,64,0,0,3000
645,646,23,11,561,4,9,0,0,0
645,646,10,11,561,4,3,0,0,0
641,641,467,5,562,1,1,5,0,0
647,647,453,2,563,1,1,33,0,0
647,647,24,4,564,1,10,0,0,0
648,649,6,4,565,1,1,2,0,0
650,650,45,35,566,4,16,9,0,0
651,651,10,11,567,4,3,0,0,0
651,651,23,11,567,4,9,0,0,0
651,651,24,11,567,4,10,0,0,0
652,652,468,4,568,1,1,0,0,0
653,653,23,11,569,1,9,0,0,0
654,655,10,17,570,1,3,,0,0
654,655,23,17,570,1,9,,0,0
654,655,24,17,570,1,10,,0,0
654,655,30,17,570,1,12,,0,0
654,655,15,17,570,1,6,,0,0
654,655,32,17,570,1,13,,0,0
654,655,31,17,570,1,1,,0,0
654,655,13,17,570,1,5,,0,0
654,655,18,17,570,1,1,,0,0
654,655,45,17,570,1,16,,0,0
654,655,46,17,570,1,1,,0,0
654,655,47,17,570,1,1,,0,0
654,655,48,17,570,1,1,,0,0
656,656,57,10,571,1,18,76,0,0
657,658,31,28,572,1,1,56,0,0
659,659,469,4,573,1,1,3,0,0
659,659,470,4,573,1,1,3,0,0
659,659,471,4,573,1,1,3,0,0
660,660,472,4,574,1,1,0,0,138
661,661,10,11,575,4,3,0,0,0
661,661,23,11,575,4,9,0,0,0
661,661,24,11,575,4,10,0,0,0
662,663,114,4,576,1,1,0,0,0
664,665,114,4,577,1,1,0,0,0
666,666,179,81,578,1,1,28,0,0
667,667,473,2,579,1,1,45,0,0
667,667,474,10,580,1,1,0,0,192
668,668,13,6,581,1,5,30,11,0
668,668,18,6,581,1,1,30,11,0
668,668,475,5,582,1,1,4,0,0
669,669,476,5,583,1,1,8,0,0
670,671,301,82,584,1,51,3,23,0
672,673,10,11,585,4,3,0,0,0
672,673,23,11,585,4,9,0,0,0
672,673,24,11,585,4,10,0,0,0
674,674,30,4,586,1,12,3,0,0
674,674,477,4,586,1,1,3,0,0
675,675,130,4,587,1,1,7,0,0
676,676,478,78,588,1,1,0,0,0
677,678,24,26,589,1,10,15,0,0
677,678,30,26,589,1,12,15,0,0
677,678,31,26,589,1,1,15,0,0
677,678,15,26,589,1,6,15,0,0
677,678,32,26,589,1,13,15,0,0
679,680,479,4,590,1,1,0,0,0
681,682,23,82,591,1,9,1,0,0
683,684,15,4,592,1,6,,,2
685,685,24,7,593,1,10,0,0,0
686,686,31,6,594,1,1,50,0,0
687,688,114,4,595,1,1,0,0,0
689,690,480,3,596,1,1,1,0,0
691,692,364,14,597,1,1,,,
693,694,10,16,598,1,3,1180,0,0
693,694,23,16,598,1,9,1180,0,0
693,694,24,16,598,1,10,1180,0,0
693,694,30,16,598,1,12,1180,0,0
693,694,15,16,598,1,6,1180,0,0
693,694,32,16,598,1,13,1180,0,0
693,694,31,16,598,1,1,1180,0,0
693,694,13,16,598,1,5,1180,0,0
693,694,18,16,598,1,1,1180,0,0
693,694,45,16,598,1,16,1180,0,0
693,694,46,16,598,1,1,1180,0,0
693,694,47,16,598,1,1,1180,0,0
693,694,48,16,598,1,1,1180,0,0
695,696,30,4,599,1,12,0,0,0
697,697,80,12,600,1,1,22,22,0
698,698,15,6,601,1,6,0,0,0
699,700,114,4,602,1,1,0,0,0
701,702,114,4,603,1,1,0,0,4000
703,703,481,5,604,1,1,4,12,0
704,705,251,14,605,1,1,17,0,155
704,705,482,14,605,1,1,17,0,155
706,706,483,3,606,1,88,20,0,0
706,706,484,3,606,1,1,20,0,0
707,707,15,10,607,1,6,0,0,0
708,708,485,6,608,1,1,69,0,0
709,709,10,7,609,4,3,76,0,0
709,709,23,7,609,4,9,76,0,0
709,709,24,7,609,4,10,76,0,0
710,711,486,14,610,1,1,0,0,0
712,712,179,4,611,1,1,2,0,0
712,712,158,4,611,1,31,2,0,0
712,712,487,4,611,1,1,2,0,0
713,713,51,28,612,1,1,0,0,0
714,714,31,7,613,1,1,203,0,0
715,715,32,28,614,1,13,0,0,0
716,716,158,83,615,1,31,99,100,0
717,717,488,12,616,1,1,36,155,0
718,718,489,12,617,1,1,12,2,0
719,719,490,27,618,1,1,24,0,0
720,720,45,30,619,1,16,1,0,0
721,722,13,7,620,1,5,21,0,0
723,723,44,1,621,1,15,0,0,0
724,724,491,15,622,1,1,17,100,0
725,725,492,6,623,1,1,0,0,0
726,726,301,27,624,1,51,20,0,0
727,728,10,7,625,4,3,0,0,0
727,728,23,7,625,4,9,0,0,0
727,728,24,7,625,4,10,0,0,0
729,729,493,4,626,1,1,2,0,0
730,731,114,4,627,1,1,0,0,0
732,732,494,4,628,1,1,2,0,100
733,733,495,12,629,1,1,31,0,0
734,734,114,4,630,1,1,0,0,0
735,735,496,4,631,1,1,0,0,
736,736,23,15,632,1,9,0,0,0
737,738,497,14,633,1,1,0,0,0
739,739,498,4,634,1,1,10,0,16000
740,740,158,4,635,1,31,1,0,0
741,741,499,84,636,1,1,0,0,0
742,742,500,35,637,1,1,32,0,0
743,743,13,85,638,1,5,118,0,0
744,744,501,1,639,1,89,0,0,0
744,744,502,1,639,1,1,0,0,0
745,746,114,4,640,1,1,0,0,0
747,748,114,4,641,1,1,0,0,0
749,749,6,4,642,1,1,0,0,0
750,751,24,4,643,1,10,1,0,107000
752,752,15,6,644,1,6,0,0,0
753,753,503,12,645,1,1,21,53,0
754,754,504,4,646,1,1,0,0,0
754,754,505,4,647,1,1,0,0,376
754,754,506,4,647,1,90,0,0,376
755,755,507,12,648,1,1,9,31,0
756,756,508,4,649,1,1,0,0,600
756,756,509,4,649,1,91,0,0,600
757,757,49,2,650,1,1,19,0,0
758,759,510,4,651,1,1,0,0,0
760,760,511,23,652,1,1,17,0,0
760,761,10,17,653,1,3,481,8000,0
760,761,23,17,653,1,9,481,8000,0
760,761,24,17,653,1,10,481,8000,0
760,761,30,17,653,1,12,481,8000,0
760,761,15,17,653,1,6,481,8000,0
760,761,32,17,653,1,13,481,8000,0
760,761,31,17,653,1,1,481,8000,0
760,761,13,17,653,1,5,481,8000,0
760,761,18,17,653,1,1,481,8000,0
760,761,45,17,653,1,16,481,8000,0
760,761,46,17,653,1,1,481,8000,0
760,761,47,17,653,1,1,481,8000,0
760,761,48,17,653,1,1,481,8000,0
762,762,75,15,654,1,20,7,40,500
763,763,83,6,655,1,1,0,0,0
764,765,13,16,656,1,5,1,186,0
766,766,512,15,657,1,1,0,0,0
767,768,114,4,658,1,1,0,0,0
769,769,513,27,659,1,92,37,0,0
770,771,30,28,660,1,12,0,0,0
772,772,24,4,661,1,10,0,0,0
772,772,23,4,661,1,9,0,0,0
773,774,18,14,662,233,1,0,0,0
773,774,13,14,662,233,5,0,0,0
775,775,514,13,663,1,1,7,0,0
776,776,515,5,664,1,1,3,6,2000
777,778,13,28,665,1,5,81,0,7472
779,780,15,4,666,1,6,0,0,0
781,782,114,4,667,1,1,0,0,0
783,783,516,2,668,1,1,39,88,0
784,784,517,27,669,1,1,62,0,0
785,785,518,5,670,1,1,0,0,0
786,787,519,22,671,1,1,75,0,0
788,788,520,82,672,1,1,1,2,0
786,786,521,4,673,1,1,0,0,0
789,789,18,27,674,1,1,79,0,0
790,790,522,5,675,1,93,7,0,0
791,791,10,11,676,4,3,0,0,0
791,791,23,11,676,4,9,0,0,0
791,791,24,11,676,4,10,0,0,0
792,793,158,7,677,1,31,0,0,0
791,791,523,15,678,1,1,0,0,0
794,794,57,10,679,1,18,18,0,0
795,795,524,10,680,1,1,0,0,122
795,795,10,11,681,4,3,0,0,0
795,795,23,11,681,4,9,0,0,0
795,795,24,11,681,4,10,0,0,0
796,796,234,9,682,1,46,18,0,0
797,797,516,3,683,1,1,75,99,0
798,798,158,7,684,1,31,6,10,0
799,799,525,5,685,1,94,4,0,0
800,800,30,28,686,4,12,33,0,0
800,800,15,28,686,4,6,33,0,0
800,800,32,28,686,4,13,33,0,0
798,798,526,13,687,1,1,5,9,0
798,798,527,13,687,1,1,5,9,0
801,801,162,2,688,1,33,11,0,0
801,801,45,86,689,1,16,0,0,0
801,801,10,11,690,4,3,0,0,0
801,801,23,11,690,4,9,0,0,0
801,801,24,11,690,4,10,0,0,0
802,802,528,6,691,1,1,0,0,0
803,803,188,4,692,1,40,5,0,0
804,804,529,21,693,1,1,0,0,0
805,805,24,4,694,1,10,0,0,0
806,807,114,4,695,1,1,0,0,0
806,807,137,4,695,1,1,0,0,0
808,809,530,30,696,1,1,1,0,0
810,810,531,5,697,1,1,3,0,0
811,811,57,6,698,1,18,0,0,0
812,812,10,11,699,4,3,0,0,0
812,812,23,11,699,4,9,0,0,0
812,812,24,11,699,4,10,0,0,0
813,814,6,4,700,1,1,1,0,0
815,815,532,5,701,1,1,9,0,0
816,817,43,87,702,1,1,0,0,100
818,818,10,11,703,4,3,0,0,0
818,818,23,11,703,4,9,0,0,0
818,818,24,11,703,4,10,0,0,0
819,820,15,28,704,1,6,0,0,0
821,822,533,88,705,1,1,,,
818,818,32,4,706,1,13,0,0,0
823,823,13,11,707,1,5,0,0,0
824,824,45,27,708,1,16,101,0,0
825,826,15,16,709,1,6,5,0,0
827,827,534,28,710,1,1,7,0,0
823,823,10,11,711,4,3,0,0,0
823,823,23,11,711,4,9,0,0,0
823,823,24,11,711,4,10,0,0,0
828,828,535,4,712,1,1,0,0,1800
829,829,536,27,713,1,1,118,0,0
830,830,537,5,714,1,1,4,0,236
831,832,15,28,715,1,6,0,0,0
833,833,13,11,716,1,5,0,0,0
833,833,18,11,716,1,1,0,0,0
833,833,10,11,717,4,3,0,0,0
833,833,23,11,717,4,9,0,0,0
833,833,24,11,717,4,10,0,0,0
832,832,538,5,718,1,1,5,0,0
834,835,30,7,719,4,12,23,8,0
834,835,15,7,719,4,6,23,8,0
834,835,32,7,719,4,13,23,8,0
836,836,539,89,720,1,95,0,0,0
837,837,10,7,721,1,3,3,0,0
837,837,23,7,721,1,9,3,0,0
837,837,24,7,721,1,10,3,0,0
838,838,13,11,722,1,5,0,0,0
838,838,18,11,722,1,1,0,0,0
838,838,30,11,722,1,12,0,0,0
838,838,35,4,723,1,1,20,0,0
839,839,10,35,724,1,3,1,0,0
840,840,540,5,725,1,1,4,0,0
841,841,541,5,726,1,1,7,0,0
842,842,542,13,727,1,1,26,22,0
843,843,543,59,728,1,1,28,50,0
844,844,544,27,729,1,1,52,0,0
845,845,545,8,730,1,1,28,0,0
845,845,543,1,731,1,1,11,0,0
845,845,546,11,732,1,1,0,0,0
845,845,32,11,733,1,13,0,0,0
846,846,547,27,734,1,1,64,0,0
846,846,24,7,735,1,10,0,0,0
847,847,24,4,736,1,10,0,0,0
845,845,1,9,737,1,2,9,57,0
848,848,548,4,738,1,96,5,0,0
849,849,10,11,739,4,3,0,0,0
849,849,23,11,739,4,9,0,0,0
849,849,24,11,739,4,10,0,0,0
849,849,30,6,740,1,12,0,0,0
849,849,394,27,741,1,1,33,0,0
849,849,549,2,742,1,1,15,0,0
850,851,60,7,743,1,1,0,0,0
850,850,550,15,744,1,1,0,0,0
850,850,551,15,744,1,1,0,0,0
852,853,15,6,745,1,6,0,0,0
854,854,10,11,746,4,3,0,0,0
854,854,23,11,746,4,9,0,0,0
854,854,24,11,746,4,10,0,0,0
855,855,552,5,747,1,1,4,0,0
856,856,553,6,748,1,1,0,0,0
857,857,114,90,749,1,1,0,0,0
858,858,51,4,750,1,1,0,0,0
858,858,114,4,750,1,1,0,0,0
859,859,30,28,751,4,12,1,0,0
859,859,15,28,751,4,6,1,0,0
859,859,32,28,751,4,13,1,0,0
860,860,554,10,752,1,1,13,0,0
861,861,15,7,753,1,6,0,0,0
862,862,555,5,754,1,1,3,1,0
860,860,10,11,755,4,3,0,0,0
860,860,23,11,755,4,9,0,0,0
860,860,24,11,755,4,10,0,0,0
860,860,556,4,756,1,1,0,0,0
863,863,24,4,757,1,10,0,0,0
864,864,557,4,758,1,1,1,0,0
865,866,31,4,759,1,1,0,0,0
867,867,10,6,760,1,3,0,0,0
868,868,257,10,761,1,1,38,30,0
869,869,57,7,762,1,18,15,0,0
870,871,6,4,763,234,1,3,0,0
872,872,158,7,764,6,31,0,0,0
873,874,121,4,765,6,1,0,0,0
875,875,24,4,766,6,10,0,0,0
876,877,137,4,767,6,1,0,0,0
878,878,13,27,768,6,5,109,0,0
879,879,99,15,769,235,1,6,200,0
879,879,558,15,769,235,1,6,200,0
879,879,559,15,769,235,1,6,200,0
879,879,560,15,769,235,1,6,200,0
880,880,57,91,770,1,18,1,0,0
881,881,220,13,771,1,43,7,0,1
882,883,15,4,772,1,6,,,
884,884,57,7,773,1,18,0,0,0
885,886,57,4,774,6,18,0,0,0
887,887,561,4,775,6,1,0,0,0
888,888,562,5,776,1,1,3,0,0
888,888,563,5,777,236,1,31,0,1500
889,889,564,15,778,6,1,2,11,100
889,889,425,15,778,6,1,2,11,100
889,889,565,15,778,6,1,2,11,100
889,889,566,15,778,6,1,2,11,100
890,890,10,6,779,6,3,0,0,0
890,890,23,6,779,6,9,0,0,0
890,890,24,6,779,6,10,0,0,0
891,892,44,28,780,237,15,0,0,0
893,894,567,30,781,6,1,0,0,0
893,894,568,30,781,6,1,0,0,0
895,895,569,28,782,6,97,0,0,0
896,896,570,7,783,6,1,0,0,0
897,898,571,4,784,6,1,0,0,0
899,899,13,11,785,6,5,0,0,0
900,901,545,4,786,6,1,0,0,0
902,902,348,4,787,238,67,0,0,0
903,903,572,4,788,1,98,1,0,0
904,905,573,4,789,6,1,0,0,105
904,905,574,4,789,6,1,0,0,105
906,906,57,83,790,1,18,37,50,0
899,899,10,11,791,17,3,0,0,0
899,899,23,11,791,17,9,0,0,0
899,899,24,11,791,17,10,0,0,0
907,907,218,7,792,6,42,12,43,0
908,908,575,5,793,6,1,4,0,0
909,909,576,6,794,6,1,0,0,0
910,911,6,4,795,239,1,1,0,1600
912,912,577,6,796,240,1,0,0,0
912,912,32,6,796,240,13,0,0,0
912,912,15,6,796,240,6,0,0,0
913,913,10,11,797,17,3,0,0,0
913,913,23,11,797,17,9,0,0,0
913,913,24,11,797,17,10,0,0,0
914,915,31,23,798,241,1,0,0,0
913,913,23,4,799,242,9,0,0,1400
913,916,564,4,800,243,1,0,0,10000
917,916,83,4,801,244,1,0,0,0
917,916,258,4,801,244,1,0,0,0
918,919,578,4,802,245,1,0,0,0
918,919,166,4,802,245,1,0,0,0
920,920,162,15,803,6,33,9,30,0
921,921,6,4,804,246,1,0,0,0
922,922,535,4,805,6,1,0,0,0
923,924,579,4,806,6,1,0,0,0
925,925,32,6,807,247,13,0,0,0
926,926,580,27,808,17,1,32,2,0
927,927,349,6,809,6,68,0,0,0
927,927,581,6,809,6,1,0,0,0
927,927,582,6,809,6,1,0,0,0
928,928,17,6,810,27,1,14,0,0
929,930,23,4,811,248,9,0,0,0
931,931,293,4,812,6,1,1,0,0
932,932,23,4,813,249,9,0,0,0
933,933,583,5,814,6,1,4,0,0
934,934,584,15,815,6,1,3,59,918
935,935,18,28,816,6,1,1,0,0
936,936,511,6,817,6,1,29,0,0
937,937,18,7,818,6,1,1,10,0
937,937,585,7,818,6,1,1,10,0
938,938,586,2,819,6,1,0,0,0
939,939,61,4,820,6,1,2,0,0
940,941,30,43,821,250,12,0,0,0
940,941,587,43,822,251,1,0,0,0
940,941,588,43,822,251,1,0,0,0
940,941,589,43,822,251,1,0,0,0
942,942,349,10,823,6,68,20,0,0
943,944,590,7,824,6,1,0,0,0
945,946,23,4,825,252,9,0,0,0
945,947,18,4,826,253,1,0,0,0
948,948,572,4,827,6,98,0,0,0
949,950,6,4,828,254,1,2,0,400
951,951,191,4,829,255,1,0,0,0
952,952,591,6,830,6,1,0,0,0
953,953,592,27,831,6,99,43,4,0
954,954,593,6,832,250,100,0,0,0
955,956,30,28,833,6,12,0,0,0
955,956,18,28,833,6,1,0,0,0
957,957,594,10,834,6,1,21,0,0
942,942,595,4,835,6,101,0,0,0
942,942,596,4,835,6,1,0,0,0
958,958,13,4,836,6,5,0,0,0
959,959,114,4,837,6,1,0,0,0
959,959,137,4,837,6,1,0,0,0
960,960,597,22,838,6,1,0,4,2000
942,942,10,11,839,17,3,0,0,0
942,942,23,11,839,17,9,0,0,0
942,942,24,11,839,17,10,0,0,0
961,961,24,6,840,6,10,0,0,0
962,962,598,39,841,6,1,41,0,0
963,963,137,11,842,6,1,0,0,0
964,965,599,4,843,6,1,0,0,0
966,967,31,4,844,256,1,0,0,0
968,968,46,92,845,6,1,0,0,0
969,969,51,7,846,6,1,8,400,0
970,971,10,4,847,257,3,0,0,0
972,972,158,28,848,6,31,0,0,0
973,973,11,4,849,6,4,0,0,0
973,973,76,4,850,6,21,0,0,0
973,973,600,2,851,6,1,0,0,0
973,973,143,4,852,6,1,0,0,0
974,975,47,26,853,6,1,0,0,0
976,976,601,13,854,6,1,7,0,0
977,977,602,2,855,6,102,12,4,0
978,978,18,27,856,6,1,17,7,0
979,979,603,22,857,6,103,0,0,5000
980,980,51,4,858,6,1,0,0,0
981,981,468,4,859,258,1,0,0,0
982,983,604,4,860,259,1,0,0,10000
538,538,137,4,861,6,1,0,0,0
984,984,605,83,862,6,1,45,55,0
985,985,137,4,863,6,1,0,0,0
986,986,57,6,864,6,18,0,0,0
987,987,606,15,865,6,17,2,0,0
984,984,180,10,866,6,38,0,0,600
984,984,607,7,867,6,1,0,0,0
988,989,30,28,868,6,12,0,0,0
990,990,608,28,869,6,1,0,0,0
991,992,609,20,870,6,104,0,0,225000
993,993,610,5,871,1,1,8,0,0
993,993,611,5,871,1,1,8,0,0
994,994,612,39,872,6,1,22,11,0
995,995,17,4,873,260,1,0,0,0
996,996,613,14,874,6,1,0,0,5000
997,998,614,4,875,6,1,0,0,160
999,999,609,10,876,261,104,21,35,0
1000,1000,615,7,877,6,1,3,0,0
1001,1002,114,4,878,6,1,0,0,0
1003,1004,616,93,879,262,1,0,0,3000
1005,1005,10,4,880,6,3,4,0,0
1005,1005,617,4,881,263,1,0,0,80
1005,1005,18,11,882,6,1,0,0,0
1005,1005,10,11,883,264,3,0,0,0
1005,1005,23,11,883,264,9,0,0,0
1005,1005,24,11,883,264,10,0,0,0
1006,1007,618,4,884,265,1,0,0,0
1008,1008,601,13,885,6,1,3,0,0
1009,1009,236,22,886,6,1,0,0,800
1010,1010,31,8,887,6,1,13,19,0
1011,1011,11,6,888,6,4,2,0,0
1012,1012,619,4,889,6,1,0,0,0
1012,1012,620,4,889,6,1,0,0,0
1013,1013,621,5,890,6,1,9,0,0
1014,1014,622,20,891,6,1,0,0,200
1014,1014,146,4,892,266,1,0,0,0
1015,1016,398,6,893,267,1,10,0,0
1017,1018,321,4,894,268,1,0,0,0
1019,1019,623,7,895,6,105,0,0,2000
1020,1020,624,2,896,6,1,2,0,0
1021,1021,10,26,897,6,3,0,0,0
1021,1021,23,26,897,6,9,0,0,0
1021,1021,24,26,897,6,10,0,0,0
1021,1021,30,26,897,6,12,0,0,0
1021,1021,15,26,897,6,6,0,0,0
1021,1021,32,26,897,6,13,0,0,0
1021,1021,31,26,897,6,1,0,0,0
1021,1021,13,26,897,6,5,0,0,0
1021,1021,18,26,897,6,1,0,0,0
1021,1021,45,26,897,6,16,0,0,0
1021,1021,46,26,897,6,1,0,0,0
1021,1021,47,26,897,6,1,0,0,0
1021,1021,48,26,897,6,1,0,0,0
1022,1022,31,7,898,6,1,117,0,0
1023,1023,18,7,899,6,1,0,0,75
1023,1023,32,7,900,269,13,0,0,0
1024,1024,625,20,901,6,106,0,0,1200
1025,1025,626,4,902,6,107,0,0,300
1026,1026,627,35,903,6,1,0,0,0
1026,1026,17,35,903,6,1,0,0,0
1027,1027,628,15,904,6,1,5,26,0
1028,1028,13,35,905,6,5,0,10,0
1029,1029,83,4,906,6,1,0,0,0
1030,1031,182,94,907,6,39,0,0,0
1032,1032,629,29,908,6,1,0,1,24339
1033,1033,10,7,909,17,3,0,0,0
1033,1033,23,7,909,17,9,0,0,0
1033,1033,24,7,909,17,10,0,0,0
1029,1029,30,26,910,6,12,0,0,0
1029,1029,31,26,910,6,1,0,0,0
1029,1029,15,26,910,6,6,0,0,0
1029,1029,13,26,910,6,5,0,0,0
1029,1029,32,26,910,6,13,0,0,0
1029,1029,18,26,910,6,1,0,0,0
1029,1029,10,11,911,270,3,0,0,0
1029,1029,23,11,911,270,9,0,0,0
1029,1029,24,11,911,270,10,0,0,0
1034,1035,630,4,912,6,1,0,0,0
1034,1035,631,4,912,6,1,0,0,0
1036,1036,632,15,913,271,1,0,0,0
1037,1037,24,17,914,272,10,0,0,0
1038,1039,13,11,915,6,5,0,0,0
1040,1041,31,4,916,273,1,0,0,500
1042,1042,633,27,917,6,1,23,18,0
1043,1043,23,6,918,6,9,0,0,0
1043,1043,10,6,918,6,3,0,0,0
1044,1045,228,4,919,1,1,,,
1046,1046,140,4,920,6,1,0,0,160
1047,1048,23,6,921,274,9,0,0,0
1049,1049,10,23,922,275,3,0,0,0
1050,1050,634,43,923,6,1,0,0,0
1051,1051,635,4,924,276,1,0,0,0
1052,1053,636,4,925,6,1,0,0,0
1054,1055,10,11,926,17,3,0,0,0
1054,1055,23,11,926,17,9,0,0,0
1054,1055,24,11,926,17,10,0,0,0
1056,1056,18,26,927,6,1,0,0,0
1056,1056,252,18,928,6,47,0,0,200
1056,1056,637,4,929,6,1,0,0,0
1056,1056,182,15,930,6,39,0,0,0
1056,1056,638,15,930,6,108,0,0,0
1057,1058,161,4,931,6,32,1,0,0
1059,1060,639,4,932,277,1,0,0,0
1061,1062,114,4,933,6,1,2,0,150
1063,1064,6,4,934,6,1,1,0,0
1065,1066,640,7,935,278,1,0,0,0
1065,1066,578,7,935,278,1,0,0,0
1065,1066,176,7,935,278,1,0,0,0
1067,1068,166,6,936,279,1,0,0,0
1069,1070,158,95,937,280,31,0,0,0
1071,1071,641,23,938,281,1,0,0,0
1072,1072,18,96,939,6,1,3,13,0
1073,1073,535,4,940,6,1,0,1,
1074,1074,211,15,941,6,1,1,43,0
1074,1074,642,15,941,6,1,1,43,0
1075,1075,643,15,942,6,109,0,30,0
1076,1076,57,35,943,6,18,3,45,0
1077,1077,10,7,944,6,3,0,0,0
1078,1078,644,29,945,6,110,0,0,200
1077,1079,645,4,946,282,1,1,0,300
1080,1081,646,28,947,6,1,5,0,0
1082,1083,647,4,948,6,111,0,0,30
1084,1084,162,6,949,283,33,5,0,0
1085,1086,10,11,950,6,3,0,0,0
1085,1086,45,11,950,6,16,0,0,0
1085,1086,24,11,950,6,10,0,0,0
1085,1086,23,11,950,6,9,0,0,0
1087,1087,648,35,951,6,1,329,0,0
1088,1088,649,18,952,6,1,0,0,1000
1089,1089,650,12,953,6,112,23,71,0
1090,1091,651,4,954,6,1,0,0,0
1092,1092,652,97,955,284,1,12,500,800
1093,1093,188,20,956,6,40,0,0,5000
1094,1094,211,7,957,6,1,0,0,0
1094,1094,570,7,957,6,1,0,0,0
1095,1095,544,14,958,6,1,0,0,0
1096,1096,545,4,959,6,1,0,0,0
1096,1096,651,4,959,6,1,0,0,0
1097,1097,394,27,960,6,1,256,0,0
1098,1098,653,4,961,6,1,0,0,0
1099,1099,288,5,962,6,48,0,0,0
1100,1101,13,23,963,1,5,0,0,0
1100,1101,18,23,963,1,1,0,0,0
1099,1099,10,11,964,17,3,0,0,0
1099,1099,23,11,964,17,9,0,0,0
1099,1099,24,11,964,17,10,0,0,0
1102,66,654,4,965,6,1,0,0,750
1103,1103,655,98,966,6,1,0,0,800
1104,1104,31,8,967,6,1,34,0,0
1105,1105,656,13,968,6,1,7,0,0
1106,570,234,99,969,4,46,455,,
1106,570,657,99,969,4,1,455,,
1107,1108,199,100,970,285,1,0,0,2543
1107,1108,658,100,970,285,1,0,0,2543
1107,1108,659,100,970,285,1,0,0,2543
1109,1110,660,101,971,4,1,,,203
1111,1112,661,102,972,286,113,,,12055
1113,1114,234,103,973,4,46,0,144,0
1115,1116,362,104,974,287,1,0,0,1651
1117,1118,662,102,975,4,1,0,0,440
1119,1120,166,104,976,4,1,0,0,2937
1119,1121,663,102,977,4,1,0,0,1137
1122,1123,664,104,978,4,114,0,0,3623
1108,1124,665,104,979,4,115,0,0,383
1108,1124,666,104,979,4,1,0,0,383
1125,1126,11,104,980,4,4,0,0,141
1127,634,667,104,981,4,116,,,360
1127,634,15,104,981,4,6,,,360
1128,1128,15,105,982,4,6,1,,
1129,1129,668,106,983,1,1,,,
1129,1129,593,106,983,1,100,,,
1130,1130,32,107,984,4,13,,,
586,586,430,108,985,4,1,,,
1131,1132,669,102,986,4,1,,,423
1133,1134,213,109,987,4,1,0,0,3300
1135,1136,670,110,988,4,1,0,0,156
1135,1136,671,110,988,4,117,0,0,156
1135,1136,672,110,988,4,1,0,0,156
1135,1136,673,110,988,4,1,0,0,156
1135,1136,143,110,988,4,1,0,0,156
1137,1137,674,111,989,4,1,12,3,0
1138,1139,675,112,990,4,118,1,37,
1140,1141,676,104,991,4,1,,,175
1140,1141,677,104,991,4,1,,,175
1142,1142,678,104,992,4,119,,,900
1142,1142,679,104,992,4,1,,,900
1143,1144,18,113,993,288,1,2,,350
1143,1144,30,113,993,288,12,2,,350
1143,1144,680,113,993,288,1,2,,350
1145,1146,449,104,994,289,1,,,500
1147,1148,681,104,995,4,1,,,269
1147,1148,682,104,995,4,1,,,269
1149,1149,114,114,996,290,1,0,4,0
1150,1151,683,102,997,4,1,0,0,300
1152,1152,684,115,998,1,1,,,
1153,1153,685,116,999,4,1,1,,
1154,1155,686,102,1000,4,1,,,1100
1156,1157,687,102,1001,4,1,,,300
1154,1154,688,104,1002,291,1,,,350
1158,1159,689,102,1003,17,1,0,0,1550
1160,1161,163,102,1004,270,34,0,0,300
1162,1162,690,117,1005,4,120,0,0,0
1163,1164,18,118,1006,270,1,13,180,0
1163,1164,691,118,1006,270,1,13,180,0
1165,1165,13,119,1007,292,5,0,0,0
1166,1167,692,120,1008,1,1,,,
1167,1167,693,121,1009,1,1,,,
1169,1170,47,104,1010,293,1,0,0,137
1169,1170,46,104,1010,293,1,0,0,137
1169,1170,45,104,1010,293,16,0,0,137
1171,1172,694,104,1011,4,1,0,0,150
1173,1174,60,104,1012,294,1,4,0,100000
1175,1176,188,102,1013,4,40,0,0,1000
1177,1177,11,122,1014,295,4,0,0,0
1178,1179,695,120,1015,4,1,0,0,120
1180,1155,696,102,1016,4,1,0,0,1000
1180,1155,686,102,1016,4,1,0,0,1000
1181,1182,697,102,1017,4,1,0,0,1428
1181,1182,698,102,1017,4,1,0,0,1428
1183,1184,76,102,1018,4,21,0,0,3000
1183,1184,699,102,1018,4,1,0,0,3000
1147,1148,306,104,1019,296,1,0,0,269
1147,1148,681,104,1019,296,1,0,0,269
1163,1185,700,102,1020,4,1,0,0,637
1186,1187,45,102,1021,297,16,0,0,4500
1188,1189,46,102,1022,298,1,0,0,60
1173,1190,701,123,1023,299,1,0,0,200
1191,1192,702,120,1024,4,121,3,45,0
1193,1194,703,124,1025,4,1,0,0,0
1195,1195,1,125,1026,4,2,2,0,0
1196,1197,704,126,1027,4,1,32,15,0
1198,1199,30,104,1028,300,12,0,0,1473
1200,1201,705,127,1029,4,122,2,1,0
1202,1203,18,128,1030,4,1,6,,0
1202,1167,114,129,1031,1,1,,,
1167,1167,693,121,1009,1,1,,,
1204,1167,706,104,1032,1,1,,,
1167,1167,693,121,1009,1,1,,,
1206,1207,18,130,1033,302,1,0,0,90
1206,1207,30,130,1033,302,12,0,0,90
1206,1207,32,130,1033,302,13,0,0,90
1208,1209,13,131,1034,4,5,0,0,0
1208,1209,18,131,1034,4,1,0,0,0
1208,1209,30,131,1034,4,12,0,0,0
1210,1211,608,104,1035,303,1,0,0,1000
1212,1167,166,104,1036,1,1,,,
1167,1167,693,121,1009,1,1,,,
1212,1213,439,104,1037,304,1,0,0,500
1214,1167,60,104,1038,1,1,,,
1167,1167,693,121,1009,1,1,,,
1216,1217,364,102,1039,305,1,,,13000
1218,1219,114,132,1040,4,1,,6,
1220,1221,693,104,1041,4,1,,,1333
1222,1223,486,120,1042,4,1,,,
1222,1223,707,120,1042,4,1,,,
1224,1225,114,133,1043,4,1,,,
1226,1226,15,111,1044,4,6,,25,138
1227,1228,708,134,1045,306,1,2,,450
1229,1230,30,135,1046,4,12,,,21
1229,1230,15,135,1046,4,6,,,21
1229,1230,32,135,1046,4,13,,,21
1231,1232,30,136,1047,4,12,,,
1233,1234,449,104,1048,4,1,,,300
1235,1236,166,137,1049,4,1,,,
1237,1238,45,138,1050,307,16,1,,3432
1239,1239,332,139,1051,4,1,,1,
1240,1240,234,140,1052,4,46,,,
1241,1241,10,141,1053,4,3,,,
1241,1241,23,141,1053,4,9,,,
1241,1241,24,141,1053,4,10,,,
1242,1242,10,123,1054,4,3,,,
1242,1242,23,123,1054,4,9,,,
1243,1244,60,142,1055,4,1,,,
1245,1242,709,140,1056,4,1,,,
1246,1246,710,143,1057,4,1,,,
1247,1247,162,104,1058,4,33,,,
1247,1247,711,104,1058,4,1,,,
1248,1249,15,144,1059,4,6,,,
1248,1249,32,144,1059,4,13,,,
1250,1250,712,145,1060,4,1,,,
1251,1252,10,118,1061,308,3,,,
1251,1252,23,118,1061,308,9,,,
1253,1253,23,140,1062,4,9,,,
1254,1255,335,104,1063,4,1,,,576
1256,1257,13,146,1064,4,5,,,200
1256,1257,18,146,1064,4,1,,,200
1256,1257,30,146,1064,4,12,,,200
1256,1257,713,146,1064,4,1,,,200
1256,1257,31,146,1064,4,1,,,200
1258,1259,114,147,1065,4,1,,,
1260,1260,114,148,1066,4,1,,,
1261,1261,714,126,1067,4,1,9,,
1262,1261,715,149,1068,4,1,,,
1263,1264,227,104,1069,4,44,,,
1265,1266,716,104,1070,4,1,,,1207
1267,1268,15,150,1071,309,6,,,
1267,1268,32,150,1071,309,13,,,
1267,1268,31,150,1071,309,1,,,
1269,1269,15,151,1072,4,6,,,
1270,1263,717,102,1073,4,1,,,2070
1270,1263,718,102,1073,4,1,,,2070
1271,1271,719,152,1074,4,1,,,600
1272,1272,24,140,1075,4,10,,,200
1273,1274,720,102,1076,4,123,,,468
1275,1276,721,102,1077,4,1,,,
1277,1278,331,153,1078,4,1,1,,
1277,1278,332,153,1078,4,1,1,,
1279,1280,331,154,1079,4,1,,,
1279,1280,332,154,1079,4,1,,,
1281,1282,331,155,1080,4,1,1,,
1281,1282,332,155,1080,4,1,1,,
1268,1268,722,140,1081,4,1,,,
1283,1284,723,156,1082,310,1,,,60
1285,1286,10,123,1083,4,3,,,
1285,1286,23,123,1083,4,9,,,
1285,1286,24,123,1083,4,10,,,
1285,1286,13,123,1083,4,5,,,
1287,1271,10,123,1084,4,3,,,
1287,1271,23,123,1084,4,9,,,
1287,1271,24,123,1084,4,10,,,
1260,1288,10,123,1085,4,3,,,
1260,1288,23,123,1085,4,9,,,
1260,1288,24,123,1085,4,10,,,
1264,1289,10,123,1086,4,3,,,
1264,1289,23,123,1086,4,9,,,
1264,1289,24,123,1086,4,10,,,
1290,1291,10,123,1087,4,3,,,
1290,1291,23,123,1087,4,9,,,
1292,1293,724,102,1088,4,1,,2,164
1294,1295,595,104,1089,4,101,,,
1266,1296,595,102,1090,311,101,2,,90000
